,CODE,VDECL,VDECL_ONE,ASSIGN,RHS,EXPR,EXPR_ONE,FDECL,ARG,MOREARGS,BLOCK,STMT,STMT_BLOCK,COND,COND_ONE,ELSE,RETURN
0,,1,,,,,,,,,,,,,,,
1,3,1,,,,,,4,,,,,,,,,
2,,,6,8,,,,,,,,,,,,,
3,,,,,,,,,,,,,,,,,
4,9,1,,,,,,4,,,,,,,,,
5,,,6,8,,,,,,,,,,,,,
6,,,,,,,,,,,,,,,,,
7,,,,,,,,,,,,,,,,,
8,,,,,,,,,,,,,,,,,
9,,,,,,,,,,,,,,,,,
10,,,,,,,,,,,,,,,,,
11,,,,,,,,,,,,,,,,,
12,,,,,15,16,,,,,,,,,,,
13,,,,,,,,,,,,,,,,,
14,,,,,,,,,23,,,,,,,,
15,,,,,,,,,,,,,,,,,
16,,,,,,,,,,,,,,,,,
17,,,,,,,,,,,,,,,,,
18,,,,,,,,,,,,,,,,,
19,,,,,,,,,,,,,,,,,
20,,,,,,25,,,,,,,,,,,
21,,,,,,,26,,,,,,,,,,
22,,,,,,,29,,,,,,,,,,
23,,,,,,,,,,,,,,,,,
24,,,,,,,,,,,,,,,,,
25,,,,,,,,,,,,,,,,,
26,,,,,,,,,,,,,,,,,
27,,,,,,33,,,,,,,,,,,
28,,,,,,34,,,,,,,,,,,
29,,,,,,,,,,,,,,,,,
30,,,,,,,,,,,,,,,,,
31,,,,,,,,,,36,,,,,,,
32,,,,,,,38,,,,,,,,,,
33,,,,,,,39,,,,,,,,,,
34,,,,,,,40,,,,,,,,,,
35,,43,,44,,,,,,,41,42,,,,,
36,,,,,,,,,,,,,,,,,
37,,,,,,,,,,,,,,,,,
38,,,,,,,,,,,,,,,,,
39,,,,,,,,,,,,,,,,,
40,,,,,,,,,,,,,,,,,
41,,,,,,,,,,,,,,,,,49
42,,43,,44,,,,,,,51,42,,,,,
43,,,,,,,,,,,,,,,,,
44,,,,,,,,,,,,,,,,,
45,,,,,,,,,,,,,53,,,,
46,,,,,,,,,,,,,55,,,,
47,,,,,,,,,,,,,,,,,
48,,,,,,,,,,,,,,,,,
49,,,,,,,,,,,,,,,,,
50,,,,,58,16,,,,,,,,,,,
51,,,,,,,,,,,,,,,,,
52,,,,,,,,,,,,,,,,,
53,,,,,,,,,,,,,,,,59,
54,,,,,,,,,,,,,,61,,,
55,,,,,,,,,,,,,,,,,
56,,,,,,,,,,63,,,,,,,
57,,,,,,,,,,,,,,,,,
58,,,,,,,,,,,,,,,,,
59,,,,,,,,,,,,,,,,,
60,,,,,,,,,,,,,,,,,
61,,,,,,,,,,,,,,,,,
62,,,,,,,,,,,,,,,67,,
63,,,,,,,,,,,,,,,,,
64,,,,,,,,,,,,,,,,,
65,,43,,44,,,,,,,69,42,,,,,
66,,,,,,,,,,,,,,,,,
67,,,,,,,,,,,,,,,,,
68,,,,,,,,,,,,,,71,,,
69,,,,,,,,,,,,,,,,,
70,,43,,44,,,,,,,73,42,,,,,
71,,,,,,,,,,,,,,,74,,
72,,,,,,,,,,,,,,,,,
73,,,,,,,,,,,,,,,,,
74,,,,,,,,,,,,,,,,,
75,,,,,,,,,,,,,,,,,
